2.915;542;6.68;183;0.25613;102.971;1.04;332.15
8.66;766;2.78;530;0.65685;194.184;2.788;556.85
2.562;630;3.73282;369;0.3136;106.165;0.63;417.58
9.3;641;3.61;343;0.32604;127.012;2.221;427.05
2.497;643;2.76;506;0.32493;136.234;0.39;431.45
2.379;592;4.1086;316;0.2566;92.138;0.36;383.78
3.35;839;5.891;291;0.48584;110.111;1.4;558.55
37.1;788;3.313;455;0.47453;151.163;5.726;547.15
11.95;705;4.5;353;0.57069;124.137;2.371;478.15
7.26;663;5.36;209;0.25705;94.199;1.721;419.15
1.0014;305;4.88;145;0.0908;30.069;0;184.55
13.2;757;6.84;586;0.41449;182.155;3.088;488.65
10;416;6.68;141;0.1531;50.487;1.871;248.943
1.869;489;3.08;359;0.23406;86.175;0;322.88
2.1225;418;4;239;0.1951;56.106;0.501;266.25
2.621;529;3.53;331;0.3327;82.144;0.83;344.48
1.9619;550;2.49;482;0.3519;114.229;0;382.26
3.51;579;4.58;258;0.32386;114.959;0.989;378
2.3;697;2.55;618;0.47896;162.271;0;499.25
2.7;723;3;493;0.3177;120.557;1.334;490.15
5.469;648;3.243;418;0.62951;128.212;1.808;463.09
6.92;538;4.06;285;0.314;88.105;1.91;353.97
10.18;621;4.38;320;0.299;93.126;1.97;402.45
6.0814;523;3.88;286;0.362;88.105;1.781;350.21
10.5;628;2.704;497;0.44056;128.212;2.44;440.65
1.00104;310;7.245;97;0.14089;44.013;0.167;184.67
1.9498;550;2.53;478;0.3376;114.229;0;379.99
18.35;680;4.99;342;0.61935;122.121;2.881;470.15
2.34;644;1.8;735;0.6943;185.349;0.78;487.15
9.1;545;4.61;234;0.17643;134.97;1.811;342.65
9.51;629;2.62;469;0.459;128.212;2.719;445.75
1.00262;133;3.499;93;0.093;28.01;0.112;81.7
6;563;2.873;445;0.44421;152.221;1.739;393.27
20.8;537;5.169;219;0.6209;60.095;1.679;370.35
7.4;675;5;325;0.435;128.556;1.409;448.05
7.93;688;2.308;645;0.60699;158.281;1.619;503
1.9519;560;2.484;488;0.3776;114.229;0;390.8
7.276;539;3.721;306;0.24724;92.567;2.359;351.58
2.219;702;3.24;480;0.286;138.25;0;468.965
2.2735;616;3.51081;379;0.3243;106.165;0;411.51
4.436;622;3.025;412;0.369;118.24;1.55;424.15
5.07;579;3.21;395;0.43939;116.158;1.841;398.75
10.93;654;2.56;526;0.65477;162.227;2.35;504.15
2.184;687;2.8;480;0.25;138.25;0;460.46
2.2918;665;2.77;531;0.37615;136.234;0;458.15
5.25;598;2.91;428;0.48171;128.169;1.931;420.55
2.625;617;3.376;390;0.47965;116.158;0.791;428.15
2.765;608;2.57;524;0.52963;129.243;1.061;432.75
1.00279;363;8.552;110;0.07341;80.912;0.821;206.45
3.87;679;1.99;653;0.70358;186.291;1.889;497.1
51.7;653;14.7;139;0.31428;32.045;1.751;386.65
10.42;561;5.37;220;0.28659;98.959;2.941;356.594
2.34;488;3.393;341;0.2431;259.823;0.03;320.4
8.2;514;4.71;234;0.14784;76.525;1.94;318.11
15.6;624;3.77;373;0.50651;138.185;2.998;432.15
1.93;531;2.95362;398;0.25005;100.202;0;354.03
7.23;608;2.86;422;0.5775;134.174;1.97;432.91
3.16;775;3.8;394;0.6291;136.148;1.169;547.65
2.405;606;4.97;291;0.19199;198.274;0.59;377.85
29.4;817;4.24;353;0.41913;134.197;4.797;549.15
15.13;588;3.897;326;0.57483;88.148;1.7;410.9
5.43;830;3.569;584;0.56972;218.338;1.79;583.15
5.723;557;3.96;318;0.29002;90.187;1.541;365.25
2.259;658;2.803;497;0.4031;134.218;0;456.902
3.25;692;1.96;675;0.70426;171.323;0.899;514.75
4.54;768;1.32;1050;1.12446;314.46;2.479;618.15
6.9;528;6.6;175;0.15665;141.939;1.409;316.15
2.09;604;2.602;587;0.40022;144.33;0;427.65
6.642;711;3.59;369;0.42054;136.148;2.53;472.75
7.07;589;4.38;286;0.22297;169.992;2.039;378.15
14.1;602;3.44;201;0.0832;153.332;2.419;378.65
7.07;509;2.934;394;0.296;102.175;1.22;346.25
4.07;727;1.889;722;0.70825;249.231;1.904;549.15
7.3;407;2.887;301;0.3535;150.047;2.464;278.7
8.93;510;6.08;185;0.199;84.933;1.601;312.9
1.00049;155;5.043;73;0.019;31.999;0;90.17
2.56;431;9.976;137;0.84298;92.011;5.39626578407742E+017;294.3
26.524;647;3.958;323;0.15977;100.116;2.998;410.15
1.636;542;1.172;893;0.51271;538.072;0;417.35
1.9645;562;2.65;443;0.3206;114.229;0;385.12
1.902;520;2.737;418;0.3059;100.202;0;353.65
13.11;571;3.27;382;0.35567;100.159;2.698;389.65
2.0908;560;2.64;465;0.30106;112.213;0;374.59
3.11;491;8.21;127;0.42396;80.063;0;318
1.0075;420;5.68;179;0.10011;62.498;1.451;259.78
2.0867;654;2.585;515;0.35161;140.266;0;452.49
2.265;640;2.94;470;0.3221;120.192;0;435.16
5.06;708;4.35698;510;0.5136;122.164;1.391;484.08
6.19;581;7.72;384;0.913;102.175;1.397;419.15
5.2;299;4.836;133;0.26415;70.014;1.64;190.99
21.75;488;5.48;202;0.30069;57.051;2.8;311
9.82;622;4.074;325;0.82895;132.115;2.509;452.5
4.721;656;3.91;354;0.30444;126.583;1.559;432.3
2.029;517;3.2728;335;0.39532;186.055;0.33;353.411
55;716;7.01;293;0.43921;126.132;4.317;461.65
1.9221;530;2.734;421;0.3298;100.202;0;363.202
5.78;710;2.85;502;0.52087;164.201;1.82;484.15
1.297;293;3.043;224;0.25494;138.012;0;194.95
5.29;732;1.81;860;0.712;200.361;1.649;547.15
3.821;777;2.56;608;0.59076;198.26;1.39;571.15
4.9;716;3.526;413;0.45926;121.18;1.409;486.65
7.24;769;3.35;490;0.35909;143.185;1.889;519.65
1.00052;151;4.87;75;0;39.948;0;87.28
1.7518;408;3.648;263;0.1756;58.122;0.13;261.43
31.94;614;6.87;225;0.44674;61.083;0.776;444.15
4.795;585;3.38;370;0.33309;104.214;1.568;391.65
31;653;5.48;283;1.177;110.539;3.747;486.15
1.954;510;3.281;351;0.292;84.159;0;340.24
6.05;552;3.242;323;0.3718;100.116;1.961;372.45
2.4737;648;4;352;0.2302;104.149;0.13;418.31
10.53;606;2.682;482;0.48688;128.212;2.998;429.15
4.59;721;4.5191;351;0.24657;204.008;1.7;461.48
2.55;738;2.84;491;0.16836;260.761;0.2;488.15
2.4463;617;3.609;374;0.3011;106.165;0.6;409.35
5.18;684;4.32;373;0.40106;107.153;1.379;457.65
1.55;423;2.0466;461;0.40164;288.034;0;302.4
3.1484;575;10.3;127;0.108;159.808;0;331.9
7.807;658;3.33;428;0.37491;121.18;2;444
1.915;520;2.77;416;0.2871;100.202;0;352.34
7.15;761;4.91;418;0.53512;108.141;1.67;516.65
17.93;548;4.3;273;0.592;74.122;1.64;381.04
8.59;503;4.58;254;0.21505;78.541;2.051;319.65
4.9;687;3.63;465;0.40216;121.18;1.679;466.69
5.82;719;1.954;787;0.65556;186.334;1.691;537.1
2.20165;673;2.485;559;1.174;178.226;0.447;529.15
8.37;577;4.24;291;0.25639;112.986;1.46;369.52
11.7;800;4.987;446;2.04824;192.124;3.987;640.8
2.377;649;3.232;430;0.37871;120.192;0.3;442.53
2.867;655;3.3931;398;0.3238;126.219;0.752;437.65
2.14374;658;2.729;503;1.07892;164.2;0.339;507
4.5;812;0.9889;1500;1.2672;390.556;2.5;673.15
12.47;506;3.973;275;0.612;74.122;1.67;355.57
29.11;557;5.16;236;0.38032;75.067;3.657;387.22
24.7;605;4.35;288;0.41277;89.093;3.657;404.33
3.75;678;1.86;705;0.75234;200.318;1.901;517.15
4.18;652;2.15;600;0.65578;172.265;1.841;484.45
9.35;678;3.49;440;0.74962;136.191;1.571;493.15
1.967;588;2.34;523;0.41292;128.255;0;415.59
1.987;577;2.21;536;0.39273;128.255;0;408.36
17.87;723;3.46;391;0.47149;117.148;3.508;506.65
4.2;779;1.377;1160;0.81232;256.467;1.649;611.3
2.2825;562;4.898;259;0.21;78.112;0;353.24
35.1;658;5.92;217;0.73849;76.094;2.521;487.55
4.133;786;3.481;482;0.42258;162.251;1.163;538
7.52;540;5.19;224;0.225;72.106;1.631;338
7.7;653;3.09;416;0.55953;146.141;2.34;463.35
6.039;884;3.486;424;0.94695;166.131;2.602;583.15
1.00078;209;5.50195;91;0;83.8;0;119.81
24.83;582;3.78955;278;0.3714;69.105;4.07;390.75
4.71;524;4.2;313;0.32917;73.137;1.391;350.55
7.027;528;3.9;300;0.24158;92.567;2;342
9.45;460;5.27;192;0.18859;64.514;2.051;285.45
1.921;460;2.821;380;0.22399;88.224;0;299.35
6.12;631;3.82;342;0.27906;184.019;2.12;401.5
80.1;647;22.045;56;0.328;18.015;1.85;373.15
7.42;618;5.34;276;0.35518;87.12;1.541;401.15
3.578;776;3.52627;464;0.42914;162.251;0.971;531
18.3;623;3.27;396;0.55993;130.142;3.298;442.039
1.8371;470;3.369;314;0.25151;72.149;0;309.22
11.1;645;4.38;320;0.29778;93.126;2.401;417.29
7.07;507;4.69;228;0.326;74.079;1.721;330.09
10.6;640;2.345;527;0.51365;142.239;2.689;459.15
2.54;768;2.92;547;0.471;168.234;0.26;537.422
2.0706;760;1.23;1100;0.8271;268.521;0;603.75
2.0343;693;1.573;820;0.6797;198.388;0;526.727
14.56;587;3.32;369;0.38463;100.159;2.68;400.85
9.66;582;3.36;383;0.49753;102.175;1.415;408.65
9.46;532;5.51;266;0.2432;122.992;2.21;333.35
1.9738;566;2.7297;461;0.31531;114.229;0;386.62
11.95;612;2.92;421;0.41898;114.185;2.611;424.05
7.64;554;5.23;246;0.16737;155.966;1.91;345.6
8.433;725;3.04;525;0.65822;174.156;2.521;523.15
9.07;603;2.8;421;0.42794;114.185;2.578;425.95
25.3;516;6.38348;167;0.634;46.068;1.691;351.44
4.79;605;2.8;442;0.44777;130.185;1.931;422.15
2.0391;708;1.479;890;0.706;212.415;0;543.835
3.94;463;4.25;250;0.29108;70.09;1.07;312.15
5.255;644;3.08;477;0.44348;179.098;2.159;452.05
16.61;406;11.28;72;0.2517;17.03;1.469;239.72
27.5;624;6.09;237;1.10651;76.094;3.627;460.75
21;461;5.55;157;0.29073;44.053;2.689;293.55
3.9;808;1.154;1380;0.87889;298.547;1.829;645.5
35.6;732;4.4;339;0.44916;123.109;4.227;483.95
25.9;699;4.215;313;0.34321;103.121;4.167;464.15
2.024;572;3.471;368;0.2333;98.186;0;374.084
15.63;575;3.94;329;0.58773;88.148;1.88;401.85
2.291;593;3.586;369;0.4544;102.178;0.513;407.65
3.42;773;1.23;1046;0.892;270.494;1.661;608.15
2.2176;560;4.35;291;0.2123;82.144;0.549;356.12
2.18;465;3.447;311;0.2321;70.133;0.51;304.305
18.2;606;3.5;387;0.76835;116.158;3.238;437.594
38.85;658;4.0226;321;0.36351;87.12;3.81;439.25
118;819;11.654;155;0.11148;253.809;0;457.56
10;554;3.5;316;0.34716;86.132;2.569;376.15
12.42;469;7.19;140;0.202;44.053;1.889;283.85
13.38;569;4.24;294;0.75818;90.121;2.081;408.75
21.01;508;4.701;209;0.3099;58.079;2.881;329.44
6.854;686;3.91;360;0.31356;126.583;1.89;452.55
14.3;733;6.1;229;0.5598;92.117;2.281;493
32.2;550;4.2;309;0.22576;85.147;0.83;355.372
17;561;3.74;336;0.344;86.132;2.821;375.14
8.266;646;3.09;416;0.8082;146.141;2.491;458.85
8;640;6.21;230;0.29765;67.089;1.841;402.95
4.3;642;4.18;337;0.35017;108.138;1.361;426.95
5.68;577;3.25;375;0.34324;114.142;2.15;390.15
15.4;588;3.86;354;0.79259;118.131;2.4;427.15
8.57;508;4.74;229;0.285;74.079;1.94;327.46
5.475;530;4.06;307;0.1914;90.187;1.589;337.37
3.07;687;1.88;735;0.76378;185.349;0.881;521.15
1.567;455;1.6;575;0.49653;338.042;0;329.8
2.3746;657;2.75;524;0.38086;136.234;1.571;449.65
8.68;567;4.43;208;0.09456;118.97;1.451;351.95
12.8;644;2.64;501;0.65452;158.195;4.797;470.93
4.547;615;4.16142;360;0.36038;99.174;1.31;407.11
13.71;561;3.7;326;0.55498;88.148;1.667;392.2
4.33;594;4.65082;308;0.24282;85.147;1.19;379.55
10.3;652;2.783;509;0.56969;130.228;1.649;467.1
4.2666;467;3.64;280;0.28107;74.122;1.151;307.58
5.08;497;4.74;260;0.27984;59.11;1.169;321.65
3.949;665;2.5;518;0.44974;146.294;1.61;472.19
2.23;743;1.98901;863;0.18871;230.152;0.779;505.65
5.135;561;3.17;389;0.39539;116.158;1.859;385.15
33;519;3.54;212;0.3498;53.063;3.867;350.45
4.216;647;3.42;390;0.41785;122.164;1.409;443.15
62.6;770;3.54;300;0.55869;80.088;3.837;540.15
5.96;702;5.2;373;0.47499;107.153;1.679;468.65
8.94;653;4.06;370;0.314;119.121;2.419;435.65
23;697;4.06;367;0.41592;140.567;3.148;470.15
33;513;8.096;118;0.5589;32.042;1.7;337.85
3.758;497;3.286;329;0.267;88.148;1.225;326.65
1.229;228;3.745;143;0.17898;88.004;0;145.1
2.359;703;1.6;913;0.63598;246.431;0;533.15
12.4;694;6.13;229;0.442;94.111;1.451;454.99
15.05;692;4.83;262;0.7942;71.078;2.392;494.15
66.14;778;5.41;246;0.44976;102.089;4.947;514.9
4.038;549;4.759;253;0.30269;88.105;1.211;356.15
12.7;605;3.01;421;0.40757;114.185;2.809;420.55
2.118;857;0.847;2050;1.18169;420.797;0.237;721.15
1.002;319;3.76;199;0.21515;146.055;0;205
19.7;543;5.62;208;0.56965;58.079;1.6;370.15
3.083;580;2.38;511;0.44765;130.228;1.169;415.35
13.26;620;5.63;253;0.23861;79.1;2.191;387.65
4.26;689;4.74;315;0.26279;110.177;1.229;441.15
11;803;4.98;403;0.30348;129.159;0.758;516.4
5.672;545;3.17;389;0.33958;116.158;1.91;369.15
2.149;704;0.5406;2600;1.09164;681.455;1.409;609.5
2.069;509;3.202;351;0.283;84.159;0.339;339.6
3.4;636;3.74;290;0.13053;173.3;0.3;400
1.943;544;2.568;468;0.3033;114.229;0;372.388
1.889;500;3.127;358;0.24925;86.175;0;331.138
11.75;632;3.085;444;0.5621;116.201;1.739;448.6
10.37;553;3.85;310;0.32084;86.132;2.77;367.55
4.838;594;2.8;442;0.46436;130.185;1.8;419.75
7.86;757;2.33;635;0.76089;222.237;2.899;567.15
4.394;479;3.154;240;0.16572;68.142;1.076;313.15
2.084;809;1.339;1252;0.973;310.601;0;641.75
5.465;560;4.55051;269;0.24718;96.102;1.6;357.884
1.92;535;2.814;404;0.324;100.202;0;365
1.9722;595;2.29;548;0.4437;128.255;0;423.97
1.7697;425;3.796;255;0.1928;58.122;0;272.65
4;799;1.22;1310;0.85824;284.52;1.649;635.1
8.046;609;4;341;0.503;184.064;2.132;418.79
6.2;698;3.18;489;0.47706;150.175;2;485.15
5.04;785;3.4;434;0.38273;162.616;1.33;533.15
2.0243;554;4.0748;308;0.2144;84.159;0.609;353.87
6.56;849;2.925;676;0.93202;228.286;2.251;633.7
2.273;544;1.92;613;0.5101;161.393;0.42;399.15
5.951;800;3.337;465;0.69285;154.206;1.844;576.9
6.32;563;3.67;324;0.28023;100.116;1.97;374.15
1.265;345;2.68;299;0.32801;188.019;0;236.45
20.6;729;8.37;277;0.48926;140.075;3.028;470.15
2.359;660;2.887;497;0.3923;134.218;0.369;456.42
1.0039;325;8.31;81;0.121;36.461;1.079;188.15
6.1;559;3.51;336;0.38779;102.132;1.919;379.75
6.138;694;3.75;373;0.38422;107.153;1.601;473.51
5.9059;609;2.72;462;0.49749;146.184;0.857;445.15
2.409;858;1.5648;1060;0.74557;268.436;0.275;660
7.56;680;2.61;508;0.62;172.178;2.59;495.91
2.116;647;3.56;410;0.25235;112.213;0;424.314
12.73;567;3.47;368;0.32731;100.159;2.809;379.45
2.41;618;2.1;603;0.4902;142.282;0;447.305
13.58;626;5.85;258;0.28765;84.116;2.929;403.15
2.5;619;1.04;1290;0.66582;370.77;1.349;483.15
3.087;548;4.5;251;0.38462;90.078;0.899;360.65
4.7;564;6.03;192;0.63844;59.067;0.785;388.35
2.318;650;3.05;478;0.3782;134.218;0.45;445.94
5.08;648;3.12;436;0.4209;142.196;1.919;445.65
5.22;806;1.18;1270;1.14203;390.556;2.839;658.15
6.23;754;3.901;397;0.68094;136.148;2.051;536.15
1.929;537;2.908;393;0.2986;100.202;0;362.934
5.6895;632;4.5191;308;0.2459;112.557;1.691;404.87
15.8;536;4.1885;270;0.58083;74.122;2.92;372.9
6.098;672;2.53;522;0.69951;174.194;2.159;493.65
16.4;625;3.74903;322;0.36905;100.159;1.859;434
13.35;560;3.714;325;0.51427;88.148;1.64;388.45
5.37;662;2.963;470;0.37377;212.072;1.94;454.5
2.083;506;4.54788;246;0.19611;68.117;0.2;317.38
2.317;540;3.99;439;0.7052;196.033;0;398.85
46.53;725;6.66;264;0.51269;92.094;4.197;563.15
4.9612;583;5.4769;242;0.798;187.861;1.01;404.51
6.654;552;3.352;356;0.29523;106.594;2.159;380.95
41.4;645;7.7;186;0.50678;62.068;2.308;470.45
29.7;564;4.18;229;0.32427;55.078;4.017;370.5
5.34;699;3.18;449;0.47329;150.175;1.799;488.65
10.12;729;4.10366;360;0.21919;147.002;2.5;453.57
4.72;599;2.84;442;0.48857;130.185;1.799;415.25
26.74;595;4.45;288;0.38357;89.093;3.717;393.4
32.55;726;4.78;316;0.37324;99.131;4.077;475.15
31.9;667;4.88;297;1.17696;90.121;3.927;501.15
5.403;687;3.587;406;0.41603;136.148;1.721;468.85
24.95;734;3.8;441;0.49199;137.136;4.227;504
5.645;551;3.97;307;0.25;90.187;1.55;358.13
34;676;5.23;260;0.30024;114.551;4.287;435.15
2.798;627;2;593;0.60117;158.281;1.199;460
5.204;563;3.94154;307;0.27136;90.187;1.529;370.95
15.45;564;3.89088;301;0.34329;86.132;2.719;375.46
16.1;629;3.85035;311;0.445;98.143;3.088;428.9
1.942;541;2.8908;416;0.30905;100.202;0;366.62
0.358;738;4.472;371;0.42566;235.904;0;491.65
12.62;816;3.01;542;0.50194;182.218;2.98;578.55
2.739;579;5.69;219;0.19697;84.14;0.54;357.31
9.01;504;6.23;215;0.25477;108.965;2.03;311.5
2.74;689;0.691;2260;0.88285;593.232;1.961;576.5
1.6678;370;4.249;200;0.1454;44.096;0;231.11
2.2189;587;5.2081;238;0.27926;88.105;0;374.15
3.651;519;3.041;386;0.35518;102.175;1.415;354.25
8.13;630;2.749;512;0.58814;130.228;1.649;452.9
1.00126;290;5.84037;118;0;131.29;0;165.014
2.275;654;2.76;459;0.426;134.218;0.201;456.93
1.886;498;3.01;366;0.27915;86.175;0;333.41
7.06;699;5.38;274;0.37752;93.126;1.529;457.6
3.539;712;1.74;758;0.69242;214.344;1.7;540
4.71;588;2.84;442;0.39999;130.185;1.97;408.2
2.538;690;2.86;482;0.41717;134.218;0.498;478.19
1.745;621;0.6354;1600;0.64611;838.117;0;512.15
13.82;593;6.29;206;0.47237;60.098;1.901;390.15
16.3;431;7.8841;122;0.2462;64.064;1.631;263.13
15.2;603;3.62;375;0.72304;102.175;1.487;425.55
2.054;477;3.79;276;0.1038;68.117;0.38;299.12
4.81;760;4.66;389;0.29324;235.904;1.241;493.15
2.923;556;3.14;418;0.44968;101.19;1.07;382
2.062;569;2.59;461;0.37999;112.213;0.29;396.05
1.00055;126;3.39439;90;0.045;28.013;0;77.352
2.421;848;1.69;896;0.72156;254.41;0.259;645.002
2.915;772;3.66;523;0.3337;142.197;0.51;517.835
4.768;824;3.7;453;0.36925;207.067;1.29;554.15
1.00025;33;1.317;64;-0.22076;2.016;0;20.268
2.595;651;3.04;460;0.2941;120.192;0.561;438.33
2.656;665;3.45417;414;0.3934;120.192;0.561;449.27
4.08;584;3.18;418;0.45767;101.19;1.589;404.65
2.357;665;2.93;478;0.27915;134.218;0.39;446.48
8.889;714;1.79;823;1.26329;250.332;3.328;577.15
5.76;546;3.362;344;0.391;102.132;1.752;372.25
28.34;565;3.87;279;0.3349;70.09;3.508;377.25
4.847;594;3.5;359;0.32071;104.214;1.511;399.79
1.0013;234;4.53;119;0.11998;71.002;0.235;144.15
1.00178;398;5.495;171;0.12783;42.08;0;240.37
17.84;563;4.413;274;0.591;74.122;1.67;391.05
14.41;721;2.96;513;0.72864;168.193;3.238;528.15
26.26;720;3.8;441;0.48782;137.136;3.747;494.85
23.69;710;3.32;446;0.75595;150.173;5.576;551
6.637;762;2.944;536;0.957;166.217;2.132;574.9
6.667;499;5.48;207;0.18775;62.134;1.58;308.153
22.6;615;4.97;233;0.25232;92.524;1.799;389.26
2.38;577;2.23;576;0.69944;143.27;0.74;429.65
1.00013;44;2.76;42;-0.0396;20.18;0;27.06
114.9;457;5.39;139;0.40991;27.025;2.98;298.85
22.4;625;5;292;0.63046;90.121;2.179;464.15
4.582;612;3.081;426;0.36534;118.24;1.58;418.15
5.32;747;5.47;272;0.14047;267.836;1.22;455.15
8.001;688;1.757;776;0.807;216.317;2.954;530.9
6.34;698;3.59;397;0.42029;136.148;1.841;476.15
2.2322;653;2.8;478;0.3714;134.218;0;450.28
2.415;821;1.094;1301;1.0371;402.565;6.694;617.15
4.29;652;2.579;518;0.46647;146.294;1.601;456.65
12.44;706;4.56;312;0.45;108.138;1.589;475.382
2.002;578;2.74591;480;0.34385;112.213;0;396.45
8.564;519;3.9;300;0.29066;92.567;2.039;341.25
9.14;649;2.35;527;0.49785;142.239;2.74;467.45
20.44;722;2.59;564;0.91744;194.226;3.238;581
3.839;692;2.1;717;0.53464;174.347;1.625;502.15
1.0011;259;4.99;124;0.43369;67.806;0;173.25
4.097;650;2.5408;577;0.6092;144.255;1.643;471.7
2.44;433;4.06;254;0.205;59.11;0.612;276.02
28.8;643;5.01;292;0.70426;90.121;2.521;480.15
5.68;705;3.59;404;0.35901;161.029;1.95;474.25
10.1;523;5.07;236;0.23394;98.959;2.06;330.45
2.632;552;7.9;170;0.1107;76.141;0;319.375
8.83;671;2.527;576;0.58407;144.255;1.61;485.2
1.724;570;0.9723;1080;0.62091;638.087;0;451.15
2.37;599;1.227;1157;0.6726;310.685;1.22;467.15
2.18541;709;1.789;814;1.17816;234.332;0.507;569.7
7.58;640;2.73;485;0.55585;130.228;1.76;457.75
9.6;606;5.36;252;0.20592;94.199;1.97;382.9
6.85;704;2.119;715;0.62362;172.308;1.67;520.3
111;771;7.8;163;0.41238;45.041;3.717;493
3.38;531;3.028;382;0.36876;102.175;1.211;362.79
8.1867;598;3.009;409;0.48074;132.158;1.799;418.65
2.771;720;3.3;441;0.297;132.202;0.219;480.8
3.42;648;2.36;577;0.61706;143.27;0.899;475.35
8.19;578;5.12;290;0.23799;169.992;1.95;362.65
2.004;577;2.73578;480;0.33932;112.213;0;395.41
18.56;536;4.15;267;0.3241;72.106;2.761;352.79
28.26;654;4.04;362;0.79037;152.063;3.568;471.65
6.9;731;3.65;404;0.32639;161.029;2.03;478
2.39;586;1.332;984;0.58904;296.616;0.39;448.15
6.926;747;3.29;485;0.90583;152.19;2.159;555.3
5.952;517;4.75;254;0.21381;76.161;1.64;325.75
6.255;720;4.75;320;0.497;128.556;2.17;487
1.845;460;3.381;306;0.22787;72.149;0.13;300.994
2.256;681;2.38;580;0.50767;162.271;0.1;489.05
5.15;702;2.85;556;0.42618;149.233;1.811;490.15
5.87;698;3.58;426;0.41493;121.18;1.7;478.15
2.825;812;1.44;982;1.18697;278.43;1.559;632
4.194;645;2.75;465;0.419;132.267;1.55;450.069
4.732;633;2.797;465;0.43492;132.267;1.556;444.2
16.85;632;5.35;263;0.73412;98.1;1.919;443.15
18.5;493;4.65;223;0.25591;58.079;2.521;321.15
8.3;569;5.61;249;0.26682;71.121;1.58;359.64
2.517;780;2.442;641;0.46076;196.288;0.33;407.15
1.9853;533;3.785;319;0.22876;84.159;0;344.96
3.35;674;2.936;458;0.39648;132.202;0.609;465.45
6.2;531;4.004;282;0.391;88.105;1.703;352.6
1.00214;424;8.31;122;0.03807;127.912;0.45;237.55
2.20393;695;2.106;683;1.14865;206.279;0.489;551.15
31.82;680;4.6;316;0.62211;106.12;5.486;517.95
2.365;637;2.84;490;0.3232;120.192;0.33;434.48
7.03;536;4.25;267;0.3423;86.089;1.769;352.75
5.816;709;4.15;373;0.43478;107.153;1.49;476.55
2.265;601;4.01;336;0.25171;96.17;0.45;388.15
7.62;651;2.31;548;0.79153;178.226;2.239;489.15
2.0213;676;1.679;770;0.6231;184.361;0;508.616
2.37;638;3.2;440;0.3444;120.192;0.369;432.367
7.3;536;3.87061;271;0.34749;90.121;1.71;358
7.33;624;3.78;373;0.34533;107.153;1.64;417.15
9.375;614;3.79;374;0.68049;114.185;1.646;438.15
74.6;730;21.7;78;0.35823;34.015;2.129;423.35
1.98;604;2.13;575;0.44198;142.282;0;433.02
1.9617;565;2.61;455;0.3605;114.229;0;391.69
13.45;521;4;263;0.27742;72.106;2.719;347.95
2.2738;661;2.8;489;0.37617;136.234;0.195;455.15
4.27;555;3.58;365;0.407;87.163;1.55;377.65
4.3;455;5.6742;190;0.1918;98.916;1.169;280.71
2.4526;649;2.8;489;0.37208;136.234;0;450.15
5.45;670;4.5191;324;0.25057;157.008;1.7;429.21
32.62;763;3.11;463;0.58206;150.239;4.467;543
17.85;695;4.65;324;0.31274;106.122;2.8;452.05
13.03;611;3.446;382;0.5586;102.175;1.649;429.9
2.053;568;2.59;461;0.3854;112.213;0.26;395.69
1.9869;576;2.81;455;0.303;114.229;0;391.42
2.012;658;1.81;727;0.5622;170.335;0;489.43
1.769;434;3.199;304;0.19566;72.149;0;282.65
15.3;577;3.93;329;0.59002;88.148;1.82;403
2.418;535;3.04;390;0.31619;101.19;0.66;362.65
2.2762;502;3.59;249;0.41615;103.913;0.809;340.65
2.0578;735;1.342;1017;0.76969;240.468;0;575.3
15.8;519;5.74;196;0.33402;78.498;2.719;323.9
12.6;595;2.92;421;0.41198;114.185;2.5;417.15
1.948;569;2.486;480;0.3978;114.229;0;398.83
14;673;3.27;391;0.5607;130.142;2.96;453.95
8.77;699;3.77;391;0.43819;122.164;1.601;478.15
2.98;650;4.28;332;0.22636;102.133;0.657;414.65
3.9;561;2.93;402;0.4818;118.174;1.649;394.15
1.979;470;3.44738;320;0.2837;70.133;0.339;311.705
3.68;497;3.71;301;0.30386;73.137;0.92;328.6
6.7;503;5.53;201;0.19426;62.134;1.499;310.483
1.00973;318;5.88;113;0.19801;34.033;1.851;194.82
8.09;544;5.39;266;0.2848;122.992;2.18;344.15
9.663;507;3.9;300;0.19145;92.567;2.129;323.75
2.594;668;2.88;502;0.3879;134.218;0.59;456.573
8.64;567;4.63;320;0.26835;137.018;2.23;364.37
17.44;701;3.84;376;0.3991;120.149;3.028;475.15
5.62;549;3.36;345;0.391;102.132;1.79;374.7
7.68;705;1.94;674;0.9652;222.279;2.47;548.95
4.914;535;4.26;273;0.19743;88.535;1.43;332.55
37.27;588;5.87;173;0.34803;61.04;3.448;374.35
12.1;556;4.05;327;0.50157;88.148;1.724;384.65
2.82;576;3.39;356;0.48569;118.131;1.1;398.95
1.583;476;1.61;658;0.54289;388.049;0;355.66
4.88;713;4.206;392;0.308;124.203;1.289;467.456
1.00007;5;0.227;57;-0.39003;4.003;0;4.205
5.6268;472;4.54;221;0.27591;59.11;1.499;305.55
1.978;574;2.82;455;0.2903;114.229;0;387.92
2.336;781;1.39;1000;1.18222;282.461;1.439;633
1.9972;639;1.955;657;0.5349;156.308;0;470.04
8.42;491;3.258;204;0.5238;114.023;2.28;346
1.0017;261;5.57;89;0.2119;47.998;0.54;181.2
6.41;551;3.88075;352;0.38959;102.132;1.89;371.22
2.369;663;2.88;488;0.35402;134.218;0.36;454.252
1.326;386;2.323;378;0.36644;238.027;0;271.85
2.381;631;3.20882;428;0.3353;120.192;0.39;425.56
47.24;729;5.65;227;0.28055;78.133;3.957;462.15
9.16;782;5.77553;469;0.34648;129.159;2.29;510.78
42.1;670;5.88698;252;0.36778;96.084;3.598;434.85
5.42;664;3.85;355;0.26413;116.224;1.73;430.65
189;721;5.62;215;0.41005;59.067;3.837;472.661
1.00134;282;5.04;129;0.0856;28.053;0;169.47
7.74;600;3.68;343;0.2988;127.012;2.911;397.15
1.00081;191;4.599;99;0.0115;16.043;0;111.66
2.211;569;4.73;277;0.20483;80.128;0.13;354.65
2.098;484;3.79;276;0.1642;68.117;0.25;307.217
6.47;645;3.52;384;0.36789;128.169;1.868;435.15
11.97;694;3.43;440;0.80327;136.191;1.631;507.15
179;690;6.4;267;0.43511;73.094;3.717;479
2.527;524;3.28;349;0.42967;104.148;1.22;359.65
2.58;609;4.053;292;0.61405;88.105;1.091;427.85
4.72;739;1.68;826;0.71681;214.387;1.603;564
1.9419;536;2.94552;414;0.26787;100.202;0;359.21
9.92;668;3.19;396;0.37658;141.039;2.359;453.15
3.663;524;2.66;441;0.26292;120.222;1.31;355.15
2.26;727;1.9;702;0.56704;190.324;0;537.55
2.644;481;3.95;213;0.28557;76.094;0.74;315
1.9814;569;2.69;466;0.343;114.229;0;390.88
25.75;715;4.72;349;0.95288;105.136;0.851;542
7.55;653;2.78;469;0.61547;160.168;2.539;472.05
9.621;636;2.773;501;0.58319;158.195;2.896;457
3.8;769;1.468;1080;0.77877;242.441;1.67;598
2.359;617;3.541;376;0.3311;106.165;0.3;412.27
4.95616;585;3.311;385;0.553;102.175;1.658;412.4
1.8865;507;3.012;370;0.30126;86.175;0;341.88
2.0784;589;3.74903;390;0.3359;98.186;0;391.95
1.9687;512;4.508;260;0.1923;70.133;0;322.41
9.22;558;3.21;356;0.29981;146.11;2.86;375.2
1.96;564;2.73;436;0.2975;114.229;0;382.995
2.39;694;2.54;572;0.79127;158.238;0.714;518.15
2.359;660;2.97;460;0.26741;134.218;0.699;442.3
1.00124;308;6.139;113;0.1841;26.037;0;189
2.319;499;4.01247;276;0.1834;68.117;0.501;317.22
5.02;684;3.88075;351;0.27898;147.002;1.721;446.23
17.2;564;5.01;242;0.73312;76.094;2.039;397.75
12.2;646;4.66;326;0.301;93.126;2.749;418.05
4.705;718;4.06;367;0.3126;124.203;1.247;467.65
2.5;675;2.778;528;0.80129;144.211;0.809;500.66
8.92;478;4.71;234;0.15152;76.525;1.661;295.8
2.268;620;4.13;291;0.21377;165.833;0;394.35
25.84;794;2.75;614;1.00788;240.213;4.737;605.15
1.628;524;1.296;823;0.52533;488.064;0;398.45
7.19;657;3.28;424;0.62228;146.141;2.159;469.35
13.05;705;5.15;277;0.508;108.138;1.559;475.09
25.8;585;5.92;212;0.6578;80.513;1.78;401.95
2.34;581;4.87;272;0.25992;250.523;0;364.05
5.62;793;1.4;1060;1.12454;334.45;2.899;606.15
4.6;757;1.569;1010;0.75067;228.414;1.649;583.9
21.8;569;4.68;304;0.45533;102.089;2.818;412.7
8.35;553;4.078;327;0.59501;88.148;1.64;386.25
5.937;536;4.52;254;0.225;76.161;1.55;340.65
2.24001;685;2.314;622;1.13;192.253;0.534;538.5
1.0006;180;6.48;58;0.58294;30.006;0.153;121.41
7.5;652;3.87;334;0.30558;147.431;3.11;430
1.9209;540;2.736;430;0.34947;100.202;0;371.58
2.754;775;1.41;990;1.1801;280.445;1.217;628
1.4492;304;7.382;94;0.231;44.01;0;2729
5.18;566;3.06;421;0.40108;116.158;1.76;394.65
2.046;721;1.401;930;0.7174;226.441;0;560.014
7.07;605;3.073;434;0.55111;116.201;1.709;425.65
29.2;749;6.48;398;0.38653;154.185;4.407;481.15
45.75;782;3.76;422;0.56134;153.135;4.83;546.15
13.79;625;3.79;374;0.69428;114.185;1.769;441.15
4.8069;536;5.3287;243;0.2059;119.378;1.01;334.33
1.607;502;1.478;718;0.50838;438.057;0;376.45
6.25;660;3.91;360;0.31226;126.583;2.209;435.65
3.142;771;1.992;778;0.4834;226.314;0;559.45
18.3;537;6.85;173;0.20073;43.068;1.9;330.15
1.886;504;3.124;366;0.27022;86.175;0;336.42
7.11;704;2.31;625;0.83893;218.204;2.58;532.15
2.102;525;3.754;315;0.21424;82.144;0.51;341.96
1.01028;464;5.23;156;0.19219;94.939;1.811;276.71
1.00344;374;9.006;98;0.09417;34.081;0.968;212.8
4.1;592;2.045;645;0.63253;208.328;1.721;441.65
4.322;562;3.47;371;0.43185;102.175;1.748;395.55
9.21;608;3;447;0.56773;116.201;1.649;432.9
6.76;698;5.01;282;0.43385;108.138;1.451;464.154
3.805;500;2.88;386;0.33868;102.175;1.13;341.45
5.068;561;3.14;414;0.455;116.158;1.871;390.25
9.2;487;6;172;0.257;60.052;1.769;304.85
13.6;632;2.719;486;0.59258;158.195;4.527;455.15
2.1787;632;2.76;504;0.22095;136.234;0.36;428.15
13.45;622;3.79;374;0.688;114.185;1.73;444.15
25.86;621;4.01;398;1.15798;118.174;2.908;470.65
1.976;735;0.4216;3390;1.29902;903.917;0.435;654
4.968;647;2.096;661;1.00223;190.28;2.111;504.8
28.18;802;6.17;264;0.43243;85.105;3.088;518.15
